ID,Nombre,Apellido,eMail,Sexo,Sueldo
1,Connie,O'Sesnane,cosesnane0@soundcloud.com,Female,$1.94
2,Claresta,Annis,cannis1@harvard.edu,Female,$1.52
3,Preston,Dunkinson,pdunkinson2@clickbank.net,Male,$6.77
4,Charlie,McBrady,cmcbrady3@jiathis.com,Male,$0.23
5,Stern,Lawton,slawton4@eepurl.com,Male,$9.15
6,Ninnetta,Donnellan,ndonnellan5@xrea.com,Female,$3.88
7,Stormie,Loveland,sloveland6@washington.edu,Female,$7.55
8,Rowena,Lacroix,rlacroix7@ebay.com,Female,$4.74
9,Vasili,Hannabus,vhannabus8@cmu.edu,Male,$7.60
10,Karlen,Werendell,kwerendell9@ebay.com,Female,$5.70
11,Donall,Ivashnyov,divashnyova@usa.gov,Male,$7.46
12,Alva,McIan,amcianb@tripod.com,Male,$5.17
13,Earlie,Lorence,elorencec@ftc.gov,Male,$9.71
14,Boony,Sargeaunt,bsargeauntd@wisc.edu,Male,$0.25
15,Randee,Parsisson,rparsissone@nsw.gov.au,Female,$9.41
